"bandNumber","captures"
"2D1234","0"
"2D1235","0"
"C62647","1"
"C62648","1"
"C62649","1"
"C62650","1"
"C70230","6"
"C70231","3"
"C70232","1"
"C70233","1"
"C70234","1"
"C70239","1"
"C70235","1"
"C70236","4"
"C70237","1"
"C70238","1"
"C70240","2"
"C70241","1"
"C70242","2"
"C70243","2"
"C70244","1"
"C70245","4"
"C70246","3"
"C70247","1"
"C70248","1"
"C70249","2"
"C70250","2"
"C75184","1"
"C75185","1"
"C75186","1"
"C75191","1"
"C75187","1"
"C75189","1"
"C75188","1"
"C75190","4"
"C75192","4"
"C75193","2"
"C75194","1"
"C75195","2"
"C75197","1"
"C75196","2"
"C75198","1"
"C75199","1"
"C75200","1"
"C84777","1"
"C84778","1"
"C84779","1"
"C84780","1"
"C84782","1"
"C84781","1"
"C84785","1"
"C84783","1"
"C84784","1"
"C84786","1"
"C84788","1"
"C84787","1"
"C84789","3"
"C84790","1"
"C97777","1"
"C97778","10"
"C97779","3"
"C97780","3"
"C97785","1"
"C97781","5"
"C97782","1"
"C97783","6"
"C97784","1"
"C97786","1"
"C97787","1"
"C97788","2"
"C97790","1"
"C97791","1"
"C97789","3"
"C97792","1"
"C97794","1"
"C97793","1"
"C97796","2"
"C97795","1"
"C97797","1"
"C97799","1"
"C97800","5"
"C97798","1"
"C103231","1"
"C103232","1"
"C103233","1"
"C103238","2"
"C103234","2"
"C103235","1"
"C103236","2"
"C103237","4"
"C103239","11"
"C103240","25"
"C103241","5"
"C103244","1"
"C103242","3"
"C103243","15"
"C103245","7"
"C103246","1"
"C103247","1"
"C103248","1"
"C103249","1"
"C103250","1"
"D100851","1"
"D100852","1"
"D100853","1"
"D100855","4"
"D100856","1"
"D100857","3"
"D100862","1"
"D100858","6"
"D100860","1"
"D100859","1"
"D100861","1"
"D100863","2"
"D100864","1"
"D100865","1"
"D100867","1"
"D100866","2"
"D100868","1"
"D100869","3"
"D100870","2"
"D100871","2"
"D100872","2"
"D100873","1"
"D100874","1"
"D100875","1"
"D103274","5"
"D128369","2"
"D128370","1"
"D128371","2"
"D128376","1"
"D128372","2"
"D128373","1"
"D128374","1"
"D128375","1"
"D128377","1"
"D128378","1"
"D128379","1"
"D128382","1"
"D128380","1"
"D128381","2"
"D133872","1"
"D133873","1"
"D133874","1"
"D133879","2"
"D133875","1"
"D133876","1"
"D133877","1"
"D133878","1"
"D133880","2"
"D133881","2"
"D133885","1"
"D133882","2"
"D133883","1"
"D133884","1"
"D133886","1"
"D133887","1"
"D133890","6"
"D133888","1"
"D133889","1"
"D133891","3"
"D133892","1"
"D133893","12"
"D133894","1"
"D133895","6"
"D133896","6"
"D133897","6"
"D133898","1"
"D133899","6"
"D133900","1"
"D156570","0"
"D156571","1"
"D156572","1"
"D156573","1"
"D156578","1"
"D156574","1"
"D156575","1"
"D156576","1"
"D156577","1"
"D156579","1"
"D156580","1"
"D156582","1"
"D156581","1"
"D156583","1"
"D156584","2"
"D156585","4"
"D156586","6"
"D156587","3"
"D156588","4"
"D156589","2"
"D156590","2"
"D156591","1"
"D156592","5"
"D156593","3"
"D156594","2"
"D156595","1"
"D156596","1"
"D156597","6"
"D156598","1"
"D156599","2"
"D156600","4"
"D172188","1"
"E114843","7"
"E114844","2"
"E114845","2"
"E114848","5"
"E114847","1"
"E114846","2"
"E114849","1"
"E114850","2"
"E163178","1"
"E163179","1"
"E163180","1"
"E163181","2"
"E163183","3"
"E163184","3"
"E163185","1"
"E163186","1"
"E163187","1"
"E163188","1"
"E163189","1"
"E163182","1"
"E163190","1"
"E163191","1"
"E163192","1"
"E163193","1"
"E163194","1"
"E163195","1"
"E163196","1"
"E163197","1"
"E163198","1"
"E163199","1"
"E163200","2"
"E163949","1"
"E163950","2"
"E163958","3"
"E163959","1"
"E163960","1"
"E163961","1"
"E163962","1"
"E163965","1"
"E163963","2"
"E163964","12"
"E163966","2"
"E163967","1"
"E163968","1"
"E163969","12"
"E163970","2"
"E163971","3"
"E163972","1"
"E163973","1"
"E163974","1"
"E168651","1"
"E168652","4"
"E168653","1"
"E168654","1"
"E168657","1"
"E168655","1"
"E168656","1"
"E168658","1"
"E168659","1"
"E168660","1"
"E168661","1"
"E168663","1"
"E168662","1"
"E168664","1"
"E168665","1"
"E168667","1"
"E168666","1"
"E168669","2"
"E168668","3"
"E168670","1"
"E168671","1"
"E168673","4"
"E168672","7"
"E168674","3"
"E168675","1"
"E168677","5"
"E168676","1"
"E168678","1"
"E168679","3"
"E168680","1"
"E168681","5"
"E168682","5"
"E168683","5"
"E168684","1"
"E168685","1"
"E168686","2"
"E168687","1"
"E168688","1"
"E168689","1"
"E168690","1"
"E168691","1"
"E168692","2"
"E168693","1"
"E168694","1"
"E168695","3"
"E168696","1"
"E168697","1"
"E168698","1"
"E168699","1"
"E168700","1"
"F04574","1"
"F04575","1"
"F04576","1"
"F04578","4"
"F04579","1"
"F04577","3"
"F04580","3"
"F04581","1"
"F07423","0"
"F15570","0"
"F15571","0"
"F20847","0"
"F42180","1"
"F42181","1"
"F42182","1"
"F42185","1"
"F42183","1"
"F42184","2"
"F42186","1"
"F42187","1"
"F42188","1"
"F42189","1"
"F42190","1"
"F42191","3"
"F42192","1"
"F42193","1"
"F42194","2"
"F42195","1"
"F42196","2"
"F42197","1"
"F44743","1"
"F44744","2"
"F44745","1"
"F44746","1"
"F44749","1"
"F44747","1"
"F44748","1"
"F44752","1"
"F44753","1"
"F44754","2"
"F44750","1"
"F44751","3"
"F44755","2"
"F44756","1"
"F44757","6"
"F44758","1"
"F44759","1"
"F44760","1"
"F44761","1"
"F51591","0"
"F68651","1"
"F68652","2"
"F68653","5"
"F68658","1"
"F68655","1"
"F68656","1"
"F68657","1"
"F68654","1"
"F68659","1"
"F68660","1"
"F68662","1"
"F68661","1"
"F68663","1"
"F68664","1"
"F68665","1"
"F68666","1"
"F68667","1"
"F68668","1"
"F68669","1"
"F68670","1"
"F68673","1"
"F68672","1"
"F68671","1"
"F68674","1"
"F68675","1"
"F68676","1"
"F68677","1"
"F68678","1"
"F68679","1"
"F68680","1"
"F68683","1"
"F68681","1"
"F68682","1"
"F68684","1"
"F68685","2"
"F68686","1"
"F68688","1"
"F68687","1"
"F68689","1"
"F68690","1"
"F68691","1"
"F68692","1"
"F68694","1"
"F68693","1"
"F68695","1"
"F68696","1"
"F68697","1"
"F68698","1"
"F68699","1"
"F68700","1"
"G67542","0"
"G67543","0"
"G67544","0"
"G67545","0"
"G67546","0"
"G67547","0"
"G67549","0"
"G67548","0"
"G67550","0"
"G67551","0"
"G67552","0"
"G67553","0"
"G67554","0"
"G67555","0"
"G67557","0"
"G67558","0"
"G67559","0"
"G67560","0"
"G67556","0"
"G67561","0"
"G67562","0"
"G67563","0"
"G67564","0"
"G67565","0"
"G67566","0"
"G67567","0"
"G67568","0"
"G100803","0"
"G100804","0"
"G100805","0"
"G100810","0"
"G100806","0"
"G100807","0"
"G100809","0"
"G100808","0"
"G100811","0"
"G100812","0"
"G100813","0"
"G100814","0"
"G100815","0"
"G100816","0"
"G100817","0"
"G100818","0"
"G100819","0"
"G100820","0"
"G100821","0"
"G100822","0"
"G100823","0"
"G100824","0"
"G100825","0"
"E127708","1"
"E127709","1"
"E127710","1"
"E127711","2"
"E127716","2"
"E127712","1"
"E127713","1"
"E127715","3"
"E127714","3"
"E127717","2"
"E127721","1"
"E127719","1"
"E127718","3"
"E127720","2"
"E127722","2"
"E127723","1"
"E127726","2"
"E127724","1"
"E127725","2"
"E127727","1"
"E127728","3"
"E127729","2"
"E127730","10"
"E127732","9"
"E127733","8"
"E127734","4"
"E127735","5"
"E127736","2"
"E127737","6"
"E127738","9"
"E127739","3"
"E127740","22"
"E127741","3"
"E127742","1"
"E127743","1"
"E127744","2"
"E127745","4"
"E127746","1"
"E127747","7"
"E127731","1"
"E127748","15"
"E127749","3"
"E127750","1"
"E127751","12"
"E127752","8"
"E127754","2"
"E127753","3"
"E127755","1"
"E127756","1"
"E127757","1"
"E127758","1"
"E127759","1"
"E127760","1"
"E127762","1"
"E127761","1"
"E127763","1"
"E127764","1"
"E127765","1"
"E127767","1"
"E127766","1"
"E127768","1"
"F69701","1"
"E127769","1"
"E127770","4"
"E127772","1"
"E127771","3"
"E127773","3"
"F69702","1"
"E127774","6"
"E127775","4"
"E127776","2"
"E127777","6"
"F69703","1"
"E127778","2"
"E127779","1"
"E127780","1"
"E127781","5"
"F69704","1"
"E127782","4"
"E127783","7"
"E127784","3"
"E127785","1"
"F69708","1"
"F69705","3"
"F69706","1"
"E127787","1"
"F69707","5"
"E127788","1"
"E127789","1"
"F69709","1"
"F69710","1"
"E127790","1"
"F69711","2"
"F69712","1"
"E127791","1"
"E127792","1"
"E127793","2"
"F69713","1"
"F69714","2"
"E127794","1"
"F69715","2"
"F69716","1"
"E127795","1"
"E127796","2"
"E127797","1"
"E127786","1"
"F69717","1"
"F69718","1"
"E127798","7"
"F69719","1"
"F69720","1"
"E127799","8"
"E127800","4"
"F69721","1"
"F69722","2"
"F69723","1"
"F69724","1"
"F69726","1"
"F69727","1"
"F69728","1"
"F69729","9"
"F69725","1"
"F69730","1"
"F69731","1"
"F69732","1"
"F69733","1"
"F69734","2"
"F69735","1"
"F69736","1"
"F69737","1"
"F69738","1"
"F69739","1"
"F69740","1"
"F69741","1"
"F69742","1"
"F69743","1"
"F69744","2"
"F69745","2"
"F69746","1"
"F69747","1"
"F69748","1"
"F69749","5"
"F69750","2"
"F69751","1"
"F69752","2"
"F69753","1"
"F69754","1"
"F69755","1"
"F69756","1"
"F69757","4"
"F69758","1"
"F69759","2"
"F69760","1"
"F69761","1"
"F69762","1"
"F69763","2"
"F69764","1"
"F69765","2"
"F69766","1"
"F69767","1"
"F69768","1"
"F69769","1"
"F69770","1"
"F69771","3"
"F69772","1"
"F69773","1"
"F69774","1"
"F69775","1"
"F69776","1"
"F69777","1"
"F69778","2"
"F69779","1"
"F69780","4"
"F69781","1"
"F69782","1"
"F69783","1"
"C111720","1"
"F69784","1"
"F69785","3"
"F69786","1"
"F69787","1"
"F69788","1"
"C111721","2"
"F69789","1"
"F69790","1"
"F69791","1"
"F69792","1"
"F69793","1"
"C111722","1"
"F69794","2"
"F69795","1"
"F69796","1"
"F69797","1"
"F69798","1"
"C111723","4"
"F69799","3"
"F69800","1"
"C111727","1"
"C111724","1"
"C111725","1"
"C111726","1"
"C111728","1"
"C111730","1"
"C111729","1"
"C111731","2"
"C111732","1"
"C111733","1"
"C111734","1"
"C111735","2"
"C111736","1"
"C111737","1"
"C111738","1"
"C111739","1"
"C111741","1"
"C111740","1"
"C111742","1"
"C111743","3"
"C111745","1"
"C111746","1"
"C111748","2"
"C111747","1"
"C111744","1"
"C111749","1"
"C111750","2"
"H112401","1"
"H112402","1"
"H112403","2"
"H112408","1"
"H112404","1"
"H112405","1"
"H112407","1"
"H112406","1"
"H112409","1"
"H112410","1"
"H112411","1"
"H112412","1"
"H112413","1"
"H112414","1"
"H112415","1"
"H112418","1"
"H112416","1"
"H112417","2"
"H112419","1"
"H112420","1"
"H112421","1"
"H112422","1"
"H112423","1"
"H112424","1"
"H112425","1"
"H112427","1"
"H112426","0"
"H112428","1"
"H112429","2"
"H112431","1"
"H112430","1"
"H112432","1"
"H112433","1"
"H112434","1"
"H112435","1"
"H112437","1"
"H112436","1"
"H112438","1"
"H112439","1"
"H112440","1"
"H112441","1"
"H112442","4"
"H112443","2"
"H112444","1"
"H112445","1"
"H112447","1"
"H112446","2"
"H112449","1"
"H112448","1"
"H112450","1"
"H112452","1"
"H112451","1"
"H112453","4"
"H112454","1"
"M35401","2"
"H112456","1"
"H112455","1"
"H112457","1"
"H112458","1"
"H112459","1"
"H112460","0"
"H112462","1"
"M35402","2"
"H112461","1"
"H112464","1"
"H112463","1"
"H112465","2"
"H112466","1"
"H112467","1"
"H112468","1"
"M35403","1"
"H112469","1"
"H112470","1"
"H112471","1"
"H112472","1"
"H112473","2"
"H112474","1"
"M35408","1"
"M35404","1"
"M35405","1"
"M35406","1"
"M35407","1"
"H112475","1"
"H112476","4"
"H112477","1"
"H112478","1"
"H112479","2"
"M35409","1"
"M35411","1"
"H112480","0"
"M35410","1"
"H112482","1"
"M35413","1"
"M35412","2"
"H112481","1"
"H112483","1"
"H112484","1"
"M35414","1"
"H112485","1"
"M35415","1"
"H112486","2"
"M35416","1"
"H112488","1"
"H112487","3"
"M35418","1"
"H112489","2"
"M35417","1"
"M35419","2"
"H112490","1"
"M35420","1"
"M35421","0"
"H112491","1"
"H112492","1"
"M35422","0"
"H112493","1"
"H112494","1"
"M35423","0"
"M35424","0"
"H112495","1"
"M35425","0"
"M35426","0"
"M35427","0"
"H112499","1"
"H112496","2"
"H112497","1"
"H112498","1"
"M35428","0"
"M35429","0"
"H112500","1"
"M35430","0"
"M35432","0"
"M35433","0"
"M35431","0"
"M35434","0"
"M35435","0"
"M35438","0"
"M35437","0"
"M35436","0"
"M35439","0"
"M35440","0"
"M35441","0"
"M35443","0"
"M35442","0"
"M35444","0"
"M35445","0"
"M35446","0"
"M35447","0"
"M35449","0"
"M35448","0"
"M35450","0"
"G89001","1"
"G89002","1"
"G89003","1"
"G89007","3"
"G89006","1"
"G89005","2"
"G89004","2"
"G89008","2"
"G89009","1"
"G89010","10"
"G89012","1"
"G89011","8"
"G89013","1"
"G89014","1"
"G89015","1"
"G89017","1"
"G89016","1"
"G89018","1"
"G89019","3"
"G89020","2"
"G89021","1"
"G89023","3"
"G89022","3"
"G89024","1"
"G89025","1"
"G89026","1"
"G89028","1"
"G89027","1"
"G89029","1"
"G89030","1"
"G89031","1"
"G89032","1"
"G89033","1"
"G89034","1"
"G89035","2"
"G89036","2"
"G89037","2"
"G89038","1"
"G89039","1"
"G89040","1"
"G89041","5"
"G89042","1"
"G89044","1"
"G89043","1"
"G89045","1"
"G89046","1"
"G89047","1"
"G89048","1"
"G89049","1"
"G89050","1"
"G89052","4"
"G89051","1"
"G89054","1"
"G89053","1"
"G89055","1"
"G89056","2"
"G89057","1"
"G89058","1"
"G89059","1"
"2D00901","4"
"G89061","1"
"G89060","1"
"G89062","1"
"G89063","4"
"G89064","5"
"2D00902","1"
"G89065","1"
"G89066","1"
"G89067","1"
"G89068","12"
"G89069","2"
"2D00903","1"
"G89070","1"
"G89071","1"
"G89072","1"
"G89073","3"
"G89074","1"
"2D00904","1"
"G89075","1"
"G89076","1"
"G89077","2"
"G89078","1"
"G89079","1"
"2D00909","3"
"2D00905","1"
"2D00906","1"
"2D00907","2"
"2D00908","1"
"G89080","2"
"G89081","1"
"G89082","2"
"G89083","1"
"G89084","5"
"2D00910","12"
"2D00911","16"
"2D00912","3"
"2D00913","4"
"2D00914","14"
"G89085","1"
"G89086","1"
"G89087","0"
"G89088","3"
"G89089","2"
"2D00915","2"
"2D00916","11"
"2D00917","3"
"2D00918","26"
"2D00919","1"
"G89090","1"
"G89091","1"
"G89092","2"
"G89093","1"
"G89094","1"
"2D00920","5"
"2D00921","2"
"2D00922","1"
"2D00923","4"
"2D00924","3"
"G89095","1"
"G89096","1"
"G89097","1"
"G89098","3"
"G89099","2"
"2D00925","1"
"2D00926","2"
"2D00927","2"
"2D00928","3"
"2D00929","3"
"G89100","4"
"2D00930","3"
"2D00931","2"
"2D00932","5"
"2D00933","1"
"2D00934","1"
"2D00935","1"
"2D00937","1"
"2D00936","1"
"2D00938","1"
"2D00939","1"
"2D00940","1"
"2D00941","1"
"2D00942","1"
"2D00943","1"
"2D00944","1"
"2D00945","1"
"2D00946","3"
"2D00947","1"
"2D00948","22"
"2D00949","5"
"2D00950","1"
"2D00951","1"
"2D00952","1"
"2D00953","3"
"2D00954","6"
"2D00955","3"
"2D00956","5"
"2D00957","2"
"2D00958","2"
"2D00959","17"
"2D00962","2"
"2D00960","4"
"2D00961","1"
"2D00963","1"
"2D00964","1"
"C71320","3"
"2D00965","1"
"2D00967","2"
"2D00966","1"
"2D00968","1"
"2D00969","3"
"C71321","4"
"2D00970","1"
"2D00971","8"
"2D00972","1"
"2D00973","1"
"2D00974","1"
"C71322","1"
"2D00975","1"
"2D00976","1"
"2D00977","1"
"2D00978","1"
"2D00979","1"
"C71323","1"
"2D00980","2"
"2D00981","4"
"2D00982","3"
"2D00983","1"
"2D00984","1"
"C71328","1"
"2D00985","1"
"2D00986","2"
"2D00987","3"
"2D00988","1"
"C71325","2"
"C71324","2"
"C71327","1"
"C71326","10"
"2D00989","1"
"C71329","2"
"2D00991","3"
"2D00990","1"
"2D00992","3"
"2D00993","1"
"C71330","4"
"C71331","3"
"C71333","5"
"C71332","2"
"2D00994","1"
"C71334","11"
"2D00995","1"
"2D00996","1"
"2D00997","1"
"2D00998","7"
"C71335","8"
"C71336","1"
"C71337","2"
"C71338","1"
"2D00999","3"
"C71339","1"
"2D01000","1"
"C71340","1"
"C71341","1"
"C71342","1"
"C71343","1"
"C71344","11"
"C71345","2"
"C71346","4"
"C71347","1"
"C71348","3"
"C71349","1"
"C71350","1"
"N27421","1"
"N27422","1"
"N27423","0"
"N27424","1"
"N27429","0"
"N27425","0"
"N27426","0"
"N27427","0"
"N27428","0"
"N27430","0"
"N27432","0"
"N27431","0"
"N27434","0"
"N27433","0"
"N27435","0"
"N27436","0"
"N27437","0"
"N27438","0"
"N27440","0"
"N27439","0"
"N27441","0"
"N27442","0"
"N27443","0"
"N27445","0"
"N27444","0"
"N27446","0"
"N27447","0"
"N27448","0"
"N27450","0"
"N27449","0"
"N27451","0"
"N27452","0"
"N27453","0"
"N27454","0"
"N27455","0"
"N27456","0"
"N27457","0"
"N27459","0"
"N27458","0"
"N27460","0"
"N27461","0"
"N27463","0"
"N27462","0"
"N27464","0"
"N27465","0"
"N27466","0"
"N27467","0"
"N27469","0"
"N27470","0"
"N27468","0"
"L122951","1"
"L122952","1"
"L122953","1"
"L122954","1"
"L122956","1"
"L122955","1"
"L122960","0"
"L122957","1"
"L122958","1"
"L122959","1"
"L122961","3"
"L122962","1"
"L122963","1"
"L122964","1"
"L122965","0"
"L122966","0"
"L122967","0"
"L122968","0"
"L122969","0"
"L122970","0"
"L122971","0"
"L122972","0"
"L122975","0"
"L122974","0"
"L122973","0"
"L122976","0"
"L122977","0"
"L122978","0"
"L122979","0"
"L122980","0"
"L122982","0"
"L122981","0"
"L122983","0"
"L122984","0"
"L122985","0"
"L122986","0"
"L122987","0"
"L122988","0"
"L122989","0"
"L122990","0"
"L122991","0"
"L122992","0"
"L122993","0"
"L122994","0"
"L122995","0"
"L122996","0"
"L122997","0"
"L122998","0"
"L122999","0"
"L123000","0"
"J66351","3"
"J66352","0"
"J66353","1"
"J66354","1"
"J66359","1"
"J66355","1"
"J66356","1"
"J66357","1"
"J66358","1"
"J66360","1"
"J66362","1"
"J66361","1"
"J66363","1"
"J66364","1"
"J66365","3"
"J66366","1"
"J66368","1"
"J66367","1"
"J66369","1"
"J66370","1"
"J66371","1"
"J66372","1"
"J66374","1"
"J66373","1"
"J66375","1"
"J66376","1"
"J66378","1"
"J66377","1"
"J66379","1"
"J66380","0"
"J66381","0"
"J66382","0"
"J66383","0"
"J66384","0"
"J66385","0"
"J66386","0"
"J66388","0"
"J66387","0"
"J66389","0"
"J66391","0"
"J66390","0"
"J66392","0"
"J66393","0"
"J66394","0"
"J66396","0"
"J66395","0"
"J66398","0"
"J66397","0"
"J66399","0"
"J66400","0"
"R21908","0"
"R21909","0"
"R21910","0"
"R21911","0"
"R21912","0"
"R21917","0"
"R21913","0"
"R21914","0"
"R21915","0"
"R21916","0"
"R21918","0"
"R21919","0"
"R21920","0"
"R21921","0"
"R21922","0"
"R21923","0"
"R21924","0"
"R21925","0"
"R21926","0"
"R21927","0"
"R21928","0"
"R21929","0"
"R21930","0"
"R21931","0"
"R21932","0"
"R21933","0"
"R21934","0"
"R21935","0"
"R21936","0"
"R21937","0"
"R21938","0"
"R21939","0"
"R21940","0"
"R21941","0"
"R21943","0"
"R21942","0"
"R21944","0"
"R21945","0"
"R21946","0"
"R21948","0"
"R21947","0"
"R21949","0"
"R21950","0"
"R21951","0"
"R21952","0"
"R21953","0"
"R21954","0"
"R21955","0"
"R21956","0"
"R21957","0"
"P16201","1"
"P16202","0"
"P16203","0"
"P16208","0"
"P16204","0"
"P16205","0"
"P16206","0"
"P16207","0"
"P16209","0"
"P16210","0"
"P16211","0"
"P16212","0"
"P16213","0"
"P16214","0"
"P16215","0"
"P16216","0"
"P16218","0"
"P16217","0"
"P16219","0"
"P16220","0"
"P16222","0"
"P16223","0"
"P16221","0"
"P16224","0"
"P16225","0"
"P16226","0"
"P16227","0"
"P16229","0"
"P16228","0"
"P16230","0"
"P16232","0"
"P16231","0"
"P16233","0"
"P16234","0"
"P16235","0"
"P16237","0"
"P16236","0"
"P16238","0"
"P16239","0"
"P16240","0"
"P16241","0"
"P16244","0"
"P16243","0"
"P16242","0"
"P16245","0"
"P16247","0"
"P16246","0"
"P16248","0"
"P16249","0"
"P16250","0"
"C58817","7"
"C58818","4"
"C58819","1"
"C58824","1"
"C58820","3"
"C58821","1"
"C58823","6"
"C58822","1"
"C58825","11"
"C58826","5"
"C58827","1"
"C58830","1"
"C58829","2"
"C58828","8"
"C58831","2"
"C58832","1"
"C58833","2"
"C58834","1"
"C58835","1"
"C58836","1"
"C58837","1"
"C58839","2"
"C58838","1"
"C58840","1"
"C58841","1"
"C58842","5"
"C58845","1"
"C58843","1"
"C58844","3"
"C58846","2"
"C58847","3"
"C58849","4"
"C58848","3"
"C58850","1"
"C43856","5"
"C43857","1"
"C43858","1"
"C43860","13"
"C43863","1"
"C43859","5"
"C43862","4"
"C43861","2"
"C43864","2"
"C43865","1"
"C43866","3"
"C43867","2"
"C43868","5"
"C43869","3"
"C43871","2"
"C43870","2"
"C43872","2"
"C43873","1"
"C43874","2"
"C43875","1"
"C43876","1"
"C43878","4"
"C43877","6"
"C43879","1"
"C43880","2"
"C43881","1"
"C43882","6"
"C43883","3"
"C43884","1"
"C43885","3"
"C43886","1"
"C43887","1"
"C43888","1"
"C43889","4"
"C43890","5"
"C43891","1"
"C43892","1"
"C43893","1"
"C43894","1"
"C43895","2"
"C43896","1"
"C43898","1"
"C43897","1"
"C43899","1"
"C43900","2"
"C55050","2"
"C55051","1"
"C55052","1"
"C55057","1"
"C55053","2"
"C55054","2"
"C55056","1"
"C55055","2"
"C55058","1"
"C55059","2"
"C55060","4"
"C55061","1"
"C55062","1"
"C55063","4"
"C55064","1"
"C55065","1"
"C55066","1"
"C55068","3"
"C55067","1"
"C55069","4"
"C55070","2"
"C55071","1"
"C55072","1"
"C55073","1"
"C55074","1"
"C55075","1"
"C55076","1"
"C55077","1"
"C55078","1"
"C55079","1"
"C55080","2"
"C55082","1"
"C55083","1"
"C55081","1"
"C55084","1"
"C55085","2"
"C55086","2"
"C55087","1"
"C55088","3"
"C55089","1"
"C55091","1"
"C55093","1"
"C55090","1"
"C55092","2"
"C55094","1"
"C55095","1"
"C55097","1"
"C55096","1"
"C55098","6"
"C55099","1"
"C80001","2"
"C80002","4"
"C80003","1"
"C80008","1"
"C80004","6"
"C80005","1"
"C80006","1"
"C80007","1"
"C80009","1"
"C80010","1"
"C80011","2"
"C80014","2"
"C80012","1"
"C80013","1"
"C80015","1"
"C80016","7"
"C80018","1"
"C80017","1"
"C80019","1"
"C80020","12"
"C80021","1"
"C80023","1"
"C80022","2"
"C80024","2"
"C80025","1"
"C80026","1"
"C80027","11"
"C80028","2"
"C80029","1"
"C80030","1"
"C80031","1"
"C80033","1"
"C80032","1"
"C80034","1"
"C80035","1"
"C80036","1"
"C80038","1"
"C80037","2"
"C80039","3"
"C80040","2"
"C80041","2"
"C80042","1"
"C80043","1"
"C80044","2"
"C80045","3"
"C80046","2"
"C80047","2"
"C80048","1"
"C80049","3"
"C80050","1"
"E110840","0"
"E110841","0"
"E110842","0"
"E126666","2"
"E126667","1"
"E126668","1"
"E126673","1"
"E126671","1"
"E126670","1"
"E126669","1"
"E126672","1"
"E126674","2"
"E126675","1"
"E126678","1"
"E126677","1"
"E126679","1"
"E126676","1"
"E126680","1"
"E126682","1"
"E126681","1"
"E126684","2"
"E126683","2"
"E126685","1"
"E126686","1"
"E126688","1"
"E126687","1"
"E126689","1"
"E126690","1"
"E126691","1"
"E126693","1"
"E126692","1"
"E126694","3"
"E126695","1"
"E126696","1"
"E126698","1"
"E126699","1"
"E126697","1"
"E126700","1"
"E128501","1"
"E128502","2"
"E128503","1"
"E128504","1"
"E128506","1"
"E128505","1"
"E128507","1"
"E128508","2"
"E128509","1"
"E128510","3"
"E128511","1"
"E128512","2"
"E128513","1"
"E128514","1"
"E128515","1"
"E128516","1"
"E128517","1"
"E128518","1"
"E128519","1"
"E128520","1"
"E128522","2"
"E128521","1"
"E128523","1"
"E128524","2"
"E128525","1"
"E128526","1"
"E128527","1"
"E128528","1"
"E128529","2"
"E128530","1"
"E128531","1"
"E128532","1"
"E128534","1"
"E128533","1"
"E128535","2"
"E128536","2"
"E128537","1"
"E128538","1"
"E128539","1"
"E128540","1"
"E128541","1"
"E128542","1"
"E128543","1"
"E128544","1"
"E128545","1"
"E128546","1"
"E128548","1"
"E128547","1"
"E128554","1"
"E128555","1"
"E128556","1"
"E128557","1"
"E128558","1"
"E128560","2"
"E128559","1"
"E128561","3"
"E128562","1"
"E128563","1"
"E128564","1"
"E128565","1"
"E128566","1"
"E128567","1"
"E128568","1"
"E128569","1"
"E128570","1"
"E128571","1"
"E128572","1"
"E128573","1"
"E128575","1"
"E128574","2"
"E128576","1"
"E128577","1"
"E128578","1"
"E128579","1"
"E128580","1"
"E128581","1"
"E128582","1"
"E128583","3"
"E128584","1"
"E128586","2"
"E128585","1"
"E128587","1"
"E128588","1"
"E128589","1"
"E128592","1"
"E128590","1"
"E128591","1"
"E128593","1"
"E128594","1"
"E128596","1"
"E128595","2"
"E128597","1"
"E128598","1"
"E128599","1"
"E128600","1"
"F38190","3"
"F38193","0"
"F38194","2"
"F38195","2"
"F38197","8"
"F38196","1"
"F38198","1"
"F38200","1"
"F38199","1"
"F38201","1"
"F38202","2"
"F38203","1"
"F38208","3"
"F38205","2"
"F38206","3"
"F38204","1"
"F38207","3"
"F38209","3"
"F38210","3"
"F38211","6"
"F38212","4"
"F38214","1"
"F38213","2"
"F38215","3"
"F38217","6"
"F38216","1"
"F38219","3"
"F38218","1"
"F38220","5"
"F38221","2"
"F38222","3"
"F38223","6"
"F38224","9"
"F38225","4"
"F38226","1"
"F38227","1"
"F38228","3"
"F38229","2"
"F38230","3"
"F38231","2"
"F38232","2"
"F38233","6"
"F38234","1"
"F38236","4"
"F38235","1"
"F38237","1"
"F38238","1"
"F38239","1"
"F38240","6"
"F38241","2"
"F38242","1"
"F38244","3"
"F38243","1"
"F38245","5"
"F38246","1"
"F38247","2"
"F38248","1"
"F38249","1"
"F38250","1"
"F50126","1"
"F50127","1"
"F50128","1"
"F50133","1"
"F50131","1"
"F50129","1"
"F50130","1"
"F50132","1"
"F50134","2"
"F50135","1"
"F50136","4"
"F50137","1"
"F50138","1"
"F50139","1"
"F50140","1"
"F50141","1"
"F50142","1"
"F50143","1"
"F50144","1"
"F50145","1"
"F50146","1"
"F50147","1"
"F50149","1"
"F50148","6"
"F50150","1"
"F50213","1"
"F50214","1"
"F50215","1"
"F50216","1"
"F50218","1"
"F50217","1"
"F50221","0"
"F50219","1"
"F50220","1"
"F50222","1"
"F50223","1"
"F50224","1"
"F50225","3"
"F50226","3"
"F50227","1"
"F50228","1"
"F50229","1"
"F50230","1"
"F50231","1"
"F50232","2"
"F50233","2"
"F50234","0"
"F50235","6"
"F50236","2"
"F50237","1"
"F50238","1"
"F50239","3"
"F50240","1"
"F50241","1"
"F50242","1"
"F50243","1"
"F50245","4"
"F50244","2"
"F50246","2"
"F50247","1"
"F50248","7"
"F50249","1"
"F50250","0"
"E128701","3"
"E128702","1"
"E128703","1"
"E128708","1"
"E128704","1"
"E128705","1"
"E128706","1"
"E128707","1"
"E128709","1"
"E128710","1"
"E128711","1"
"E128712","1"
"E128713","1"
"E128714","1"
"E128715","1"
"E128716","3"
"E128717","4"
"E128719","1"
"E128718","1"
"E128720","1"
"E128721","1"
"E128722","4"
"E128723","8"
"E128724","1"
"E128725","1"
"E128727","1"
"E128726","1"
"E128728","13"
"E128729","1"
"E128730","1"
"E128731","1"
"E128733","1"
"E128732","1"
"E128734","1"
"E128735","5"
"E128737","5"
"E128736","6"
"E128738","1"
"E128739","3"
"E128740","1"
"E128741","1"
"E128742","2"
"E128743","1"
"E128744","1"
"E128746","2"
"E128745","1"
"E128747","1"
"E128748","3"
"E128749","1"
"E128750","1"
"E128751","1"
"E128752","1"
"E128753","2"
"E128754","7"
"E128755","1"
"E128756","1"
"E128757","1"
"E128758","5"
"E128759","1"
"E128760","1"
"E128761","1"
"E128762","5"
"E128763","2"
"E128764","2"
"E128765","5"
"E128766","1"
"E128768","1"
"E128767","1"
"E128769","1"
"E128901","2"
"E128770","1"
"E128771","4"
"E128772","1"
"E128773","1"
"E128774","2"
"E128902","1"
"E128775","1"
"E128776","1"
"E128777","1"
"E128778","1"
"E128779","1"
"E128903","7"
"E128780","3"
"E128781","1"
"E128782","1"
"E128783","1"
"E128784","2"
"E128904","5"
"E128785","1"
"E128786","1"
"E128787","2"
"E128788","1"
"E128789","1"
"E128909","1"
"E128790","15"
"E128791","1"
"E128792","9"
"E128793","1"
"E128905","2"
"E128906","1"
"E128907","2"
"E128908","5"
"E128794","2"
"E128910","3"
"E128795","2"
"E128796","1"
"E128797","6"
"E128798","3"
"E128911","2"
"E128912","2"
"E128913","10"
"E128914","2"
"E128799","3"
"E128915","7"
"E128800","1"
"E128916","1"
"E128917","3"
"E128918","8"
"E128919","5"
"E128920","1"
"E128921","1"
"E128922","6"
"E128923","2"
"E128924","1"
"E128925","1"
"E128926","1"
"E128927","1"
"E128928","2"
"E128929","1"
"E128930","1"
"E128931","3"
"E128932","1"
"E128934","3"
"E128933","5"
"E128935","4"
"E128936","1"
"E128937","3"
"E128938","5"
"E128939","1"
"E128940","1"
"E128941","2"
"E128943","6"
"E128942","4"
"E128944","8"
"E128945","2"
"E128946","1"
"E128947","1"
"E128948","2"
"E128949","1"
"E128950","1"
"E128951","1"
"E128952","1"
"E128953","1"
"E128954","2"
"E128955","1"
"E128956","1"
"E128957","4"
"E128959","1"
"E128958","4"
"E128960","2"
"F88857","1"
"E128961","2"
"E128962","1"
"E128963","1"
"E128964","2"
"E128965","2"
"F88858","1"
"E128966","3"
"E128967","1"
"E128968","1"
"E128969","0"
"E128970","1"
"F88859","1"
"E128971","1"
"E128972","0"
"E128973","1"
"E128974","2"
"E128975","1"
"F88860","1"
"E128976","3"
"E128977","1"
"E128978","3"
"E128979","1"
"E128980","1"
"F88865","1"
"E128982","1"
"E128981","2"
"F88861","1"
"E128983","1"
"E128984","3"
"F88862","1"
"F88863","1"
"F88864","1"
"E128985","1"
"F88866","1"
"E128987","1"
"E128986","1"
"F88867","1"
"E128988","1"
"E128989","1"
"F88868","1"
"F88869","1"
"E128990","1"
"F88870","1"
"F88871","1"
"F88872","1"
"E128991","1"
"E128992","1"
"E128993","1"
"F88873","1"
"E128994","1"
"E128995","1"
"F88875","3"
"F88874","2"
"F88876","2"
"E128996","1"
"F88877","1"
"E128997","1"
"E128998","1"
"F88878","1"
"E128999","1"
"F88879","2"
"E129000","1"
"F88880","2"
"F88881","1"
"F88882","3"
"F88883","2"
"F88884","1"
"F88885","1"
"F88886","1"
"F88887","1"
"F88888","1"
"F88889","5"
"F88890","1"
"F88891","1"
"F88893","1"
"F88894","2"
"F88892","1"
"F88895","1"
"F88896","1"
"F88897","1"
"F88899","1"
"F88898","1"
"F88900","1"
"F88901","1"
"F88902","4"
"F88903","1"
"F88905","1"
"F88904","1"
"F88906","1"
"G148417","1"
"G148418","1"
"G148419","1"
"G148420","1"
"G148422","1"
"G148421","1"
"G148425","1"
"G148423","1"
"G148424","1"
"G148426","3"
"G148427","1"
"G148428","1"
"G148429","2"
"G148430","2"
"G148432","2"
"G148431","1"
"G148434","1"
"G148433","2"
"G148435","3"
"G148436","1"
"G148437","1"
"G148438","2"
"G148439","4"
"G148440","1"
"G148441","1"
"G148442","1"
"G148443","3"
"G148444","1"
"G148445","1"
"G148446","1"
"G148447","1"
"G148448","1"
"G148449","1"
"G148450","1"
"G148451","5"
"G148452","1"
"G148453","1"
"G148454","1"
"G148455","3"
"G148456","2"
"G148457","2"
"G148458","1"
"G148459","1"
"G148460","1"
"G148461","1"
"G148462","0"
"G148463","1"
"G148464","1"
"G148465","1"
"G148466","1"
"H143407","1"
"H143408","1"
"H143409","1"
"H143414","0"
"H143411","1"
"H143410","1"
"H143412","1"
"H143413","2"
"H143415","1"
"H143416","1"
"H143418","1"
"H143417","1"
"H143419","1"
"H143420","1"
"H143422","1"
"H143421","1"
"H143424","0"
"H143423","1"
"H143425","0"
"H143426","0"
"H143428","0"
"H143427","0"
"H143429","0"
"H143430","0"
"H143431","1"
"U9999","757"
"H143432","0"
"H143433","0"
"H143434","0"
"H143435","0"
"H143436","0"
"H143437","0"
"H143438","0"
"H143439","0"
"H143440","0"
"H143441","0"
"C134127","1"
"C134128","1"
"C134129","1"
"C134134","1"
"C134130","1"
"C134131","1"
"C134132","1"
"C134133","1"
"C134135","1"
"C134136","1"
"C134137","1"
"C134140","1"
"C134139","1"
"C134138","1"
"C134141","1"
"C134142","1"
"C134143","1"
"C134144","1"
"C134145","1"
"C134146","1"
"C134147","1"
"C134149","1"
"C134148","1"
"C134150","2"
"C134151","1"
"C134152","1"
"C134155","1"
"C134154","1"
"C134153","2"
"C134156","1"
"C134157","3"
"C134160","2"
"C134159","1"
"C134158","1"
"C134161","1"
"C134162","1"
"C134164","4"
"C134163","1"
"C134165","1"
"C134167","1"
"C134166","4"
"C134168","2"
"C134169","2"
"C134170","10"
"C134171","1"
"C134172","1"
"C134173","2"
"C134174","1"
"C134175","1"
"C134176","1"
"D175777","1"
"D175778","1"
"D175779","2"
"D175780","1"
"D175781","2"
"D175783","11"
"D175782","2"
"D175784","0"
"D175785","2"
"D175789","4"
"D175790","1"
"D175786","4"
"D175787","3"
"D175788","9"
"D175791","8"
"D175792","1"
"D175794","6"
"D175793","1"
"D175796","1"
"D175795","1"
"D175797","1"
"D175798","1"
"D175799","1"
"D175800","1"
"D175801","2"
"D175802","8"
"D175803","1"
"D175804","1"
"D175805","1"
"D175806","4"
"D175807","3"
"D175808","5"
"D175810","2"
"D175809","1"
"D175811","6"
"D175812","2"
"D175813","2"
"D175814","1"
"D175815","4"
"D175816","1"
"D175817","1"
"D175818","1"
"D175819","1"
"D175820","1"
"D175821","1"
"D175822","1"
"D175824","1"
"D175823","1"
"D175825","1"
"D175826","1"
"D175827","2"
"D175828","1"
"D175829","1"
"D175830","1"
"D175831","1"
"D175832","5"
"D175833","1"
"D175834","1"
"D175835","3"
"D175836","3"
"D175837","3"
"D175838","2"
"D175839","3"
"D175840","1"
"D175841","1"
"D175842","1"
"D175844","1"
"D175843","4"
"D175845","1"
"D175846","1"
"D175847","1"
"D175848","1"
"D175849","2"
"D175850","3"
"D175851","1"
"E195593","1"
"E195594","4"
"E195595","2"
"E195600","1"
"E195599","1"
"E195596","1"
"E195598","1"
"E195597","4"
"E195601","1"
"E195602","1"
"E195605","1"
"E195603","1"
"E195604","1"
"E195606","1"
"E195607","1"
"E195608","2"
"E195609","2"
"E195610","1"
"E195611","1"
"E195612","1"
"E195613","1"
"E195614","1"
"E195615","5"
"E195616","1"
"E195617","1"
"E195618","2"
"E195619","1"
"E195620","1"
"E195621","1"
"E195622","1"
"E195623","1"
"E195624","1"
"E195625","1"
"E195626","1"
"E195627","1"
"E195629","2"
"E195628","1"
"E195630","1"
"E195631","1"
"E195632","1"
"E195633","1"
"E195634","1"
"E195635","1"
"E195636","1"
"E195637","1"
"E195638","1"
"E195639","1"
"E195640","1"
"E195641","1"
"E195642","1"
"E195643","2"
"E195644","3"
"E195645","5"
"E195646","1"
"E195647","2"
"E195648","1"
"E195649","1"
"E195650","1"
"E195651","3"
"E195652","1"
"E195653","2"
"E195654","1"
"E195655","1"
"E195656","3"
"E195657","1"
"E195658","2"
"E195659","2"
"E195661","1"
"E195660","1"
"E195662","1"
"E195663","3"
"E195664","1"
"E195665","3"
"E195666","1"
"E195668","1"
"E195667","1"
"E195669","1"
"E195670","1"
"E195671","1"
"E195672","3"
"E195673","1"
"E195674","1"
"E195675","2"
"E195676","1"
"E195677","1"
"E195678","2"
"E195679","0"
"E195680","2"
"E195681","1"
"E195682","1"
"E195683","2"
"E195684","1"
"E195685","1"
"E195686","1"
"E195687","1"
"E195688","1"
"E195689","2"
"E195691","1"
"E195690","1"
"E195692","1"
"H118074","1"
"H118075","1"
"H118076","4"
"H118077","1"
"H118078","1"
"H118083","1"
"H118079","1"
"H118081","1"
"H118082","1"
"H118080","1"
"H118084","2"
"H118085","1"
"H118086","2"
"H118087","1"
"H118088","1"
"H118089","1"
"H118090","1"
"H118091","1"
"H118092","1"
"H118093","1"
"H118094","1"
"H118095","2"
"H118096","2"
"H118097","1"
"H118098","1"
"H118099","5"
"F46851","8"
"F46852","1"
"F46853","3"
"F46856","1"
"F46855","1"
"F46859","2"
"F46857","1"
"F46854","1"
"F46858","1"
"F46862","1"
"F46861","1"
"F46864","2"
"F46860","1"
"F46863","1"
"F46866","4"
"F46869","4"
"F46868","2"
"F46865","2"
"F46867","2"
"F46871","1"
"F46873","2"
"F46870","3"
"F46872","1"
"F46874","1"
"F46878","1"
"F46877","1"
"F46876","2"
"F46875","1"
"F46879","1"
"F46881","3"
"F46884","2"
"F46880","1"
"F46883","1"
"F46882","1"
"F46885","1"
"F46886","1"
"F46888","1"
"F46887","2"
"F46889","1"
"F46890","1"
"F46891","1"
"F46893","1"
"F46892","1"
"F46894","1"
"F46895","1"
"F46897","5"
"F46898","1"
"F46896","2"
"F46899","1"
"F46900","6"
"G55651","1"
"G55652","2"
"G55653","0"
"G55654","0"
"G55655","1"
"G55657","1"
"G55656","1"
"G55658","1"
"G55660","1"
"G55659","1"
"G55661","1"
"G55662","1"
"G55663","1"
"G55664","1"
"G55665","1"
"G55666","1"
"G55667","3"
"G55668","1"
"G55669","1"
"G55670","1"
"G55671","1"
"G55672","1"
"G55673","1"
"G55675","1"
"G55674","1"
"G55676","1"
"G55677","1"
"G55679","1"
"G55678","1"
"G55680","1"
"G55681","1"
"G55682","1"
"G55683","0"
"G55686","0"
"G55685","0"
"G55684","0"
"G55687","0"
"G55689","0"
"G55690","0"
"G55691","0"
"G55688","0"
"G55692","0"
"G55693","0"
"G55695","0"
"G55697","0"
"G55696","0"
"G55694","0"
"G55699","0"
"G55698","0"
"G55700","0"
"C110601","1"
"C110602","2"
"C110603","1"
"C110608","1"
"C110604","1"
"C110605","1"
"C110607","1"
"C110606","1"
"C110609","4"
"C110611","1"
"C110610","1"
"C110614","1"
"C110613","2"
"C110612","1"
"C110618","1"
"C110615","1"
"C110617","2"
"C110619","1"
"C110616","1"
"C110621","0"
"C110620","1"
"C110623","2"
"C110624","2"
"C110622","2"
"C110626","1"
"C110625","0"
"C110627","1"
"C110629","1"
"C110628","1"
"C110634","1"
"C110632","1"
"C110630","1"
"C110633","1"
"C110631","3"
"C110636","1"
"C110635","1"
"C110637","1"
"C110639","1"
"C110638","1"
"C110643","2"
"C110641","1"
"C110640","1"
"C110644","1"
"C110642","1"
"C110645","1"
"C110647","1"
"C110646","1"
"C110649","1"
"C110648","2"
"C110650","1"
"D132374","1"
"D132375","1"
"D132376","4"
"D132378","1"
"D132377","3"
"D132382","1"
"D132383","2"
"D132381","1"
"D132379","1"
"D132384","3"
"D132380","1"
"D132386","1"
"D132385","6"
"D132388","1"
"D132387","1"
"D132389","2"
"D132391","1"
"D132390","2"
"D132392","2"
"D132393","1"
"D132394","2"
"D132395","0"
"D132397","1"
"D132398","3"
"D132396","4"
"D132399","1"
"D132400","2"
"E150851","1"
"E150852","1"
"E150853","1"
"E150858","2"
"E150856","1"
"E150859","1"
"E150855","1"
"E150857","1"
"E150854","1"
"E150860","1"
"E150861","2"
"E150862","1"
"E150864","2"
"E150863","1"
"E150866","1"
"E150865","1"
"E150867","1"
"E150868","2"
"E150869","1"
"E150870","1"
"E150871","1"
"E150873","1"
"E150872","4"
"E150876","1"
"E150874","2"
"E150875","1"
"E150879","1"
"E150877","1"
"E150880","1"
"E150881","1"
"E150878","1"
"E150882","1"
"E150884","1"
"E150885","1"
"E150886","1"
"E150883","2"
"E150888","1"
"E150890","1"
"E150887","1"
"E150891","1"
"E150889","1"
"E150893","2"
"E150892","1"
"E150895","2"
"E150896","0"
"E150894","1"
"E150897","1"
"E150899","1"
"E150898","1"
"E150900","1"
"E150901","2"
"E150902","3"
"E150903","1"
"E150908","1"
"E150905","5"
"E150906","1"
"E150904","2"
"E150907","1"
"E150909","1"
"E150912","1"
"E150911","1"
"E150913","1"
"E150910","1"
"E150914","2"
"E150916","1"
"E150917","1"
"E150918","0"
"E150915","1"
"E150919","2"
"E150920","2"
"E150922","1"
"E150923","1"
"E150921","1"
"E150924","3"
"E150929","1"
"E150925","1"
"E150928","1"
"E150926","1"
"E150927","1"
"E150931","1"
"E150933","1"
"E150932","1"
"E150930","1"
"E150934","1"
"E150939","1"
"E150935","1"
"E150938","1"
"E150937","1"
"E150936","2"
"E150941","1"
"E150942","1"
"E150943","1"
"E150940","1"
"E150944","1"
"E150945","1"
"E150949","4"
"E150946","1"
"E150947","1"
"E150948","1"
"E150950","4"
"D167901","2"
"D167902","1"
"D167903","1"
"D167904","1"
"D167909","1"
"D167905","1"
"D167906","1"
"D167907","1"
"D167908","2"
"D167910","1"
"D167911","1"
"D167912","1"
"D167914","1"
"D167913","1"
"D167915","1"
"D167916","1"
"D167917","2"
"D167919","1"
"D167918","1"
"D167920","1"
"D167922","1"
"D167921","2"
"D167923","1"
"D167924","1"
"D167925","1"
"D167927","1"
"D167926","1"
"D167928","1"
"D167929","2"
"D167930","1"
"D167931","1"
"D167932","1"
"D167933","2"
"D167934","2"
"D167935","3"
"D167936","1"
"D167937","2"
"D167938","2"
"D167939","1"
"D167942","1"
"D167940","1"
"D167941","1"
"D167944","1"
"D167943","2"
"D167946","1"
"D167947","1"
"D167945","1"
"D167948","2"
"D167949","3"
"D167950","1"
"D169801","1"
"D169802","1"
"D169803","3"
"D169805","4"
"D169804","1"
"D169809","1"
"D169806","2"
"D169807","1"
"D169808","1"
"D169810","6"
"D169811","1"
"D169813","1"
"D169812","3"
"D169814","1"
"D169815","3"
"D169816","2"
"D169817","1"
"D169818","2"
"D169819","1"
"D169821","3"
"D169822","1"
"D169820","1"
"D169823","1"
"D169824","1"
"D169825","2"
"D169828","2"
"D169826","1"
"D169827","1"
"D169829","1"
"D169830","2"
"D169831","2"
"D169833","2"
"D169832","1"
"D169834","1"
"D169835","1"
"D169836","1"
"D169838","1"
"D169837","1"
"D169839","2"
"D169840","1"
"D169842","1"
"D169843","1"
"D169841","0"
"D169844","1"
"D169845","1"
"D169847","1"
"D169846","1"
"D169848","1"
"D169849","1"
"F84501","1"
"F84502","4"
"F84503","1"
"F84506","5"
"F84505","4"
"F84504","1"
"F84509","1"
"F84508","2"
"F84507","1"
"F84510","1"
"F84511","3"
"F84512","1"
"F84513","1"
"F84514","2"
"F84517","1"
"F84515","1"
"F84516","1"
"F84519","1"
"F84518","1"
"F84521","1"
"F84520","1"
"F84522","1"
"F84523","1"
"F84524","1"
"F84525","1"
"F84527","2"
"F84526","3"
"F84528","2"
"F84529","1"
"F84530","1"
"F84531","2"
"F84532","1"
"F84533","0"
"F84534","1"
"F84535","1"
"F84536","1"
"F84537","1"
"F84538","1"
"F84539","1"
"F84540","1"
"F84541","1"
"F84542","1"
"F84543","1"
"F84544","1"
"F84545","2"
"F84546","1"
"F84547","3"
"F84548","1"
"F84549","1"
"F84550","1"
"H93914","1"
"H93915","1"
"H93916","1"
"H93918","3"
"H93917","1"
"H93921","1"
"H93922","1"
"H93920","1"
"H93919","1"
"H93923","1"
"H93924","1"
"H93926","1"
"H93925","1"
"H93927","1"
"H93928","3"
"H93929","1"
"H93930","1"
"H93931","1"
"H93932","1"
"H93933","1"
"H93934","2"
"H93935","1"
"H93937","1"
"H93936","0"
"H93938","1"
"H93939","1"
"H93940","1"
"H93942","1"
"H93941","2"
"H93943","1"
"H93944","1"
"H93947","1"
"H93945","1"
"H93946","1"
"H93948","1"
"H93949","1"
"H93950","1"
"D169851","1"
"D169852","1"
"D169853","1"
"D169854","1"
"D169855","1"
"D169856","1"
"D169857","3"
"D169858","2"
"D169859","1"
"D169860","1"
"D169861","1"
"D169862","1"
"D169863","1"
"D169864","1"
"D169865","1"
"D169866","1"
"D169867","2"
"D169868","1"
"D169869","1"
"D169870","1"
"D169871","1"
"D169872","1"
"D169873","1"
"D169874","1"
"D169875","1"
"D169876","1"
"D169877","2"
"D169878","1"
"D169879","1"
"D169880","1"
"D169881","1"
"D169882","1"
"D169883","1"
"D169884","4"
"D169885","1"
"D169886","1"
"D169887","0"
"D169888","0"
"D169889","0"
"D169890","0"
"D169891","1"
"D169892","0"
"D169893","0"
"D169894","0"
"D169895","0"
"D169896","0"
"D169897","0"
"D169898","0"
"D169899","0"
"D169900","0"
"F84551","1"
"F84552","2"
"F84553","1"
"F84554","2"
"F84555","1"
"F84556","1"
"F84557","1"
"F84558","1"
"F84559","1"
"F84560","1"
"F84561","1"
"F84562","1"
"F84563","1"
"F84564","1"
"F84565","1"
"F84566","2"
"F84567","1"
"F84568","0"
"F84569","0"
"F84570","0"
"F84571","0"
"F84572","0"
"F84573","0"
"F84574","0"
"F84575","0"
"F84576","0"
"F84577","1"
"F84578","1"
"F84579","1"
"F84580","0"
"F84581","1"
"F84582","1"
"F84583","1"
"F84584","1"
"F84585","1"
"F84586","1"
"F84587","1"
"F84588","1"
"F84589","1"
"F84590","4"
"F84591","1"
"F84592","1"
"F84593","1"
"F84594","1"
"F84595","1"
"F84596","1"
"F84597","1"
"F84598","1"
"F84599","1"
"F84600","1"
"G134163","0"
"G134164","0"
"G134165","0"
"G134166","0"
"G134167","0"
"G134168","0"
"G134169","0"
"G134170","0"
"G134171","0"
"G134172","0"
"G134173","0"
"G134174","0"
"G134175","0"
"G134176","0"
"G134177","0"
"G134178","0"
"G134179","0"
"G134180","0"
"G134181","0"
"G134182","0"
"G134183","0"
"G134184","0"
"G134185","0"
"G134186","0"
"G134187","0"
"G134188","0"
"G134189","0"
"G134190","0"
"G134191","0"
"G134192","0"
"G134193","0"
"G134194","0"
"G134195","0"
"G134196","0"
"G134197","0"
"G134198","0"
"G134199","0"
"G134200","0"
"G135115","0"
"G135116","0"
"G135117","0"
"G135118","0"
"G135119","0"
"G135120","0"
"G135121","0"
"G135122","0"
"G135123","0"
"G135124","0"
"G135125","0"
"G135126","0"
"G135127","0"
"G135128","0"
"G135129","0"
"G135130","0"
"G135131","0"
"G135132","0"
"G135133","0"
"G135134","0"
"G135135","0"
"G135136","0"
"G135137","0"
"G135138","0"
"G135139","0"
"G135140","0"
"G135141","0"
"G135142","0"
"G135143","0"
"G135144","0"
"G135145","0"
"G135146","0"
"G135147","0"
"G135148","0"
"G135149","0"
"G135150","0"
"G134868","0"
"G134869","0"
"G134870","0"
"G134871","0"
"G134872","0"
"G134873","0"
"G134874","0"
"G134875","0"
"G134876","0"
"G134877","0"
"G134878","0"
"G134879","0"
"G134880","0"
"G134881","0"
"G134882","0"
"G134883","0"
"G134884","0"
"G134885","0"
"G134886","0"
"G134887","0"
"G134888","0"
"G134889","0"
"G134890","0"
"G134891","0"
"G134892","0"
"G134893","0"
"G134894","0"
"G134895","0"
"E187651","1"
"E187652","1"
"E187653","1"
"E187654","1"
"E187655","1"
"E187656","1"
"E187657","1"
"E187658","1"
"E187659","1"
"E187660","1"
"E187661","1"
"E187662","1"
"E187663","1"
"E187664","1"
"E187665","1"
"E187666","1"
"E187667","1"
"E187668","3"
"E187669","1"
"E187670","1"
"E187671","1"
"E187672","1"
"E187673","1"
"E187674","1"
"E187675","1"
"E187676","1"
"E187677","0"
"E187678","1"
"E187679","1"
"E187680","1"
"E187681","1"
"E187682","1"
"E187683","1"
"E187684","1"
"E187685","1"
"E187686","1"
"E187687","1"
"E187688","0"
"E187689","0"
"E187690","0"
"E187691","0"
"E187692","0"
"E187693","0"
"E187694","0"
"E187695","0"
"E187696","0"
"E187697","0"
"E187698","0"
"E187699","0"
"E187700","0"
"C116401","0"
"C116402","0"
"C116403","0"
"C116404","0"
"C116405","0"
"C116406","0"
"C116407","0"
"C116408","0"
"C116409","0"
"C116410","0"
"C116411","0"
"C116412","0"
"C116413","0"
"C116414","0"
"C116415","0"
"C116416","0"
"C116417","0"
"C116418","0"
"C116419","0"
"C116420","0"
"C116421","0"
"C116422","0"
"C116423","0"
"C116424","0"
"C116425","0"
"C116426","0"
"C116427","0"
"C116428","0"
"C116429","0"
"C116430","0"
"C116431","0"
"C116432","0"
"C116433","0"
"C116434","0"
"C116435","0"
"C116436","0"
"C116437","0"
"C116438","0"
"C116439","0"
"C116440","0"
"C116441","0"
"C116442","0"
"C116443","0"
"C116444","0"
"C116445","0"
"C116446","0"
"C116447","0"
"C116448","0"
"C116449","0"
"C116450","0"
"C116451","0"
"C116452","0"
"C116453","0"
"C116454","0"
"C116455","0"
"C116456","0"
"C116457","0"
"C116458","0"
"C116459","0"
"C116460","0"
"C116461","0"
"C116462","0"
"C116463","0"
"C116464","0"
"C116465","0"
"C116466","0"
"C116467","0"
"C116468","0"
"C116469","0"
"C116470","0"
"C116471","0"
"C116472","0"
"C116473","0"
"C116474","0"
"C116475","0"
"C116476","0"
"C116477","0"
"C116478","0"
"C116479","0"
"C116480","0"
"C116481","0"
"C116482","0"
"C116483","0"
"C116484","0"
"C116485","0"
"C116486","0"
"C116487","0"
"C116488","0"
"C116489","0"
"C116490","0"
"C116491","0"
"C116492","0"
"C116493","0"
"C116494","0"
"C116495","0"
"C116496","0"
"C116497","0"
"C116498","0"
"C116499","0"
"C116500","0"
"H98035","0"
"H98036","0"
"H98037","0"
"H98038","0"
"H98039","0"
"H98040","0"
"H98041","0"
"H98042","0"
"H98043","0"
"H98044","0"
"H98045","0"
"H98046","0"
"H98047","0"
"H98048","0"
"H98049","0"
"H98050","0"
"E187601","1"
"E187602","1"
"E187603","1"
"E187604","2"
"E187605","1"
"E187606","1"
"E187607","1"
"E187608","1"
"E187609","1"
"E187610","1"
"E187611","1"
"E187612","1"
"E187613","2"
"E187614","1"
"E187615","1"
"E187616","1"
"E187617","1"
"E187618","2"
"E187619","0"
"E187620","1"
"E187621","1"
"E187622","1"
"E187623","1"
"E187624","1"
"E187625","1"
"E187626","1"
"E187627","3"
"E187628","1"
"E187629","1"
"E187630","1"
"E187631","1"
"E187632","1"
"E187633","1"
"E187634","1"
"C117351","1"
"C117352","1"
"C117353","2"
"C117354","1"
"C117355","1"
"C117356","1"
"C117357","1"
"C117358","1"
"C117359","1"
"C117360","1"
"C117361","1"
"C117362","1"
"C117363","1"
"C117364","1"
"C117365","1"
"C117366","1"
"C117367","1"
"C117368","1"
"C117369","1"
"C117370","1"
"C117371","1"
"C117372","1"
"C117373","1"
"C117374","1"
"C117375","1"
"C117376","1"
"C117377","1"
"C117378","1"
"C117379","1"
"C117380","1"
"C117381","1"
"C117382","1"
"C117383","1"
"C117384","1"
"C117385","1"
"C117386","1"
"C117387","1"
"C117388","1"
"C117389","1"
"C117390","1"
"C117391","1"
"C117392","1"
"C117393","1"
"C117394","0"
"C117395","0"
"C117396","0"
"C117397","0"
"C117398","0"
"C117399","0"
"C117400","0"
"C93251","0"
"C93252","0"
"C93253","0"
"C93254","0"
"C93255","0"
"C93256","0"
"C93257","0"
"C93258","0"
"C93259","0"
"C93260","0"
"C93261","0"
"C93262","0"
"C93263","0"
"C93264","0"
"C93265","0"
"C93266","0"
"C93267","0"
"C93268","0"
"C93269","0"
"C93270","0"
"C93271","0"
"C93272","0"
"C93273","0"
"C93274","0"
"C93275","0"
"C93276","0"
"C93277","0"
"C93278","0"
"C93279","0"
"C93280","0"
"C93281","0"
"C93282","0"
"C93283","0"
"C93284","0"
"C93285","0"
"C93286","0"
"C93287","0"
"C93288","0"
"C93289","0"
"C93290","0"
"C93291","0"
"C93292","0"
"C93293","0"
"C93294","0"
"C93295","0"
"C93296","0"
"C93297","0"
"C93298","0"
"C93299","0"
"C93300","0"
"D77760","0"
"D77761","0"
"D77765","1"
"D77766","1"
"D77767","1"
"D77768","1"
"D77769","1"
"D77770","1"
"D77771","1"
"D77772","1"
"D77773","1"
"D77774","1"
"D77775","1"
"D77776","0"
"D77777","0"
"D77778","0"
"D77779","0"
"D77780","0"
"D77781","0"
"D77782","0"
"D77783","0"
"D77784","0"
"D77785","0"
"D77786","0"
"D77787","0"
"D77788","0"
"D77789","0"
"D77790","0"
"D77791","0"
"D77792","0"
"D77793","0"
"D77794","0"
"D77795","0"
"D77796","0"
"D77797","0"
"D77798","0"
"D77799","0"
"D77800","0"
"E152826","2"
"E152827","1"
"E152828","2"
"E152829","1"
"E152830","1"
"E152831","1"
"E152832","2"
"E152833","1"
"E152834","1"
"E152835","1"
"E152836","1"
"E152837","1"
"E152838","0"
"E152839","1"
"E152840","1"
"E152841","1"
"E152842","2"
"E189251","0"
"E189252","0"
"E189253","0"
"E189254","0"
"E189255","0"
"E189256","0"
"E189257","0"
"E189258","0"
"E189259","0"
"E189260","0"
"E189261","0"
"E189262","0"
"E189263","0"
"E189264","0"
"E189265","0"
"E189266","0"
"E189267","0"
"E189268","0"
"E189269","0"
"E189270","0"
"E189271","0"
"E189272","0"
"E189273","0"
"E189274","0"
"E189275","0"
"E189276","0"
"E189277","0"
"E189278","0"
"E189279","0"
"E189280","0"
"E189281","0"
"E189282","0"
"E189283","0"
"E189284","0"
"E189285","0"
"E189286","0"
"E189287","0"
"E189288","0"
"E189289","0"
"E189290","0"
"E189291","0"
"E189292","0"
"E189293","0"
"E189294","0"
"E189295","0"
"E189296","0"
"E189297","0"
"E189298","0"
"E189299","0"
"E189300","0"
"E171416","0"
"E171417","0"
"E171418","0"
"E171419","0"
"E171420","0"
"E171421","0"
"E171422","0"
"E171423","0"
"E171424","0"
"E171425","0"
"E171426","0"
"E171427","0"
"E171428","0"
"E171429","0"
"E171430","0"
"E171431","0"
"E171432","0"
"E171433","0"
"E171434","0"
"E171435","0"
"E171436","0"
"E171437","0"
"E171438","0"
"E171439","0"
"E171440","0"
"E171441","0"
"E171442","0"
"E171443","0"
"E171444","0"
"E171445","0"
"E171446","0"
"E171447","0"
"E171448","0"
"E171449","0"
"E171450","0"
"F33151","0"
"F33152","0"
"F33153","0"
"F33154","0"
"F33155","0"
"F33156","0"
"F33157","0"
"F33158","0"
"F33159","0"
"F33160","0"
"F33161","0"
"F33162","0"
"F33163","0"
"F33164","0"
"F33165","0"
"F33166","0"
"F33167","0"
"F33168","0"
"F33169","0"
"F33170","0"
"F33171","0"
"F33172","0"
"F33173","0"
"F33174","0"
"F33175","0"
"F33176","0"
"F33177","0"
"F33178","0"
"F33179","0"
"F33180","0"
"F33181","0"
"F33182","0"
"F33183","0"
"F33184","0"
"F33185","0"
"F33186","0"
"F33187","0"
"F33188","0"
"F33189","0"
"F33190","0"
"F33191","0"
"F33192","0"
"F33193","0"
"F33194","0"
"F33195","0"
"F33196","0"
"F33197","0"
"F33198","0"
"F33199","0"
"F33200","0"
"F68309","1"
"F68310","1"
"F68311","1"
"F68312","1"
"F68313","1"
"F68314","1"
"F68315","1"
"F68316","1"
"F68317","1"
"F68318","1"
"F68319","1"
"F68320","1"
"F68321","1"
"F68322","2"
"F68323","1"
"F68324","1"
"F68325","1"
"F68326","0"
"F68327","0"
"F68328","0"
"F68329","0"
"F68330","0"
"F68331","0"
"F68332","0"
"F68333","0"
"F68334","0"
"F68335","0"
"F68336","0"
"F68337","0"
"F68338","0"
"F68339","0"
"F68340","0"
"F68341","0"
"F68342","0"
"F68343","0"
"F68344","0"
"F68345","0"
"F68346","0"
"F68347","0"
"F68348","0"
"F68349","0"
"F68350","0"
"F64741","0"
"F64742","0"
"F64743","0"
"F64744","0"
"F64745","0"
"F64746","0"
"F64748","0"
"F64749","0"
"H137951","0"
"H137952","0"
"H137953","0"
"H137954","0"
"H137955","0"
"H137956","0"
"H137957","0"
"H137958","0"
"H137959","0"
"H137960","0"
"H137961","0"
"H137962","0"
"H137963","0"
"H137964","0"
"H137965","0"
"H137966","0"
"H137967","0"
"H137968","0"
"H137969","0"
"H137970","0"
"H137971","0"
"H137972","0"
"H137973","0"
"H137974","0"
"H137975","0"
"H137976","0"
"H137977","0"
"H137978","0"
"H137979","0"
"H137980","0"
"H137981","0"
"H137982","0"
"H137983","0"
"H137984","0"
"H137985","0"
"H137986","0"
"H137987","0"
"H137988","0"
"H137989","0"
"H137990","0"
"H137991","0"
"H137992","0"
"H137993","0"
"H137994","0"
"H137995","0"
"H137996","0"
"H137997","0"
"H137998","0"
"H137999","0"
"H138000","0"
"J49037","0"
"J49038","0"
"J00853","0"
"J00854","0"
"J00855","0"
"J00856","0"
"J00857","0"
"J00858","0"
"J00859","0"
"J00860","0"
"J00861","0"
"J00862","0"
"J00863","0"
"J00864","0"
"J00865","0"
"J00866","0"
"J00867","0"
"J00868","0"
"J00869","0"
"J00870","0"
"J00871","0"
"J00872","0"
"J00873","0"
"J00874","0"
"J00875","0"
"J00876","0"
"J00877","0"
"J00878","0"
"J00879","0"
"J00880","0"
"J00881","0"
"J00882","0"
"J00883","0"
"J00884","0"
"J00885","0"
"J00886","0"
"J00887","0"
"J00888","0"
"J00889","0"
"J00890","0"
"J00891","0"
"J00892","0"
"J00893","0"
"J00894","0"
"J00895","0"
"J00896","0"
"J00897","0"
"J00898","0"
"J00899","0"
"J00900","0"
"E187638","3"
"E187639","1"
"E187640","2"
"E187641","2"
"E187642","1"
"E187643","1"
"E187644","1"
"E187645","1"
"E187646","1"
"E187647","1"
"E187648","1"
"E187649","1"
"E187650","1"
"E187635","1"
"E187636","2"
"E187637","1"